unit_cat;unit_id;material_id;waste_type;conv_factor_t;conv_factor_ppm;conv_factor_sqkm
mass;t;;;1;;
mass;Kt;;;1000;;
mass;Mt;;;1000000;;
mass;100Mt;;;100000000;;
mass;Gt;;;1000000000;;
mass;wmt;;;1;;
mass;Kwmt;;;1000;;
mass;Mwmt;;;1000000;;
mass;g;;;0.000001;;
mass;Kg;;;0.001;;
mass;ct;;;2.00E-07;;
mass;Kct;;;0.0002;;
mass;Mct;;;0.2;;
mass;st;;;0.9072;;
mass;Kst;;;907.2;;
mass;Mst;;;907200;;
mass;lt;;;1.016047;;
mass;Klt;;;1016.047;;
mass;Mlt;;;1016047;;
mass;Mwlt;;;1016047;;
mass;lb;;;0.000453592;;
mass;Klb;;;0.45359237;;
mass;Mlb;;;453.59237;;
mass;Glb;;;453592.37;;
mass;oz;;;2.83E-05;;
mass;Koz;;;0.028349523;;
mass;Moz;;;28.34952313;;
mass;ozt;;;3.11E-05;;
mass;Kozt;;;0.031103477;;
mass;Mozt;;;31.1034768;;
mass;mtu;;;1;;
mass;flask;;;0.034;;
grade;pct;;;;10000;
grade;g/t;;;;1;
grade;oz/t;;;;28.34952313;
grade;decimal;;;;1000000;
grade;ct/t;;;;0.2;
grade;Kg/t;;;;1000;
grade;ppm;;;;1;
grade;ozt/t;;;;31.1034768;
volume;cm;;;1.769;;
volume;cm;M.abr;;0.641;;
volume;cm;M.cha;;1.442;;
volume;cm;M.coc;;1.5;;
volume;cm;M.crs;;2.5;;
volume;cm;M.dol;;1.522;;
volume;cm;M.fic;;1.362;;
volume;cm;M.gya;;1.602;;
volume;cm;M.ign;;2.749;;
volume;cm;M.ins;;1.602;;
volume;cm;M.lim;;1.5;;
volume;cm;M.mas;;2.243;;
volume;cm;M.mat;;2.563;;
volume;cm;M.qar;;1.554;;
volume;cm;M.sag;;1.9;;
volume;cm;M.sas;;2.323;;
volume;cm;M.SiO2;;1.201;;
volume;cm;M.sla;;1.4;;
volume;cm;M.spc;;1.5;;
volume;cm;M.sto;;2.5;;
volume;cm;Me.CaCO3;;1.201;;
volume;Kcm;;;1769;;
volume;Kcm;M.abr;;641;;
volume;Kcm;M.cha;;1442;;
volume;Kcm;M.coc;;1500;;
volume;Kcm;M.crs;;2500;;
volume;Kcm;M.dol;;1522;;
volume;Kcm;M.fic;;1362;;
volume;Kcm;M.gya;;1602;;
volume;Kcm;M.ign;;2749;;
volume;Kcm;M.ins;;1602;;
volume;Kcm;M.lim;;1500;;
volume;Kcm;M.mas;;2243;;
volume;Kcm;M.mat;;2563;;
volume;Kcm;M.qar;;1554;;
volume;Kcm;M.sag;;1900;;
volume;Kcm;M.sas;;2323;;
volume;Kcm;M.SiO2;;1201;;
volume;Kcm;M.sla;;1400;;
volume;Kcm;M.spc;;1500;;
volume;Kcm;M.sto;;2500;;
volume;Kcm;Me.CaCO3;;1201;;
volume;Mcm;;;1769000;;
volume;Mcm;M.abr;;641000;;
volume;Mcm;M.cha;;1442000;;
volume;Mcm;M.coc;;1500000;;
volume;Mcm;M.crs;;2500000;;
volume;Mcm;M.dol;;1522000;;
volume;Mcm;M.fic;;1362000;;
volume;Mcm;M.gya;;1602000;;
volume;Mcm;M.ign;;2749000;;
volume;Mcm;M.ins;;1602000;;
volume;Mcm;M.lim;;1500000;;
volume;Mcm;M.mas;;2243000;;
volume;Mcm;M.mat;;2563000;;
volume;Mcm;M.qar;;1554000;;
volume;Mcm;M.sag;;1900000;;
volume;Mcm;M.sas;;2323000;;
volume;Mcm;M.SiO2;;1201000;;
volume;Mcm;M.sla;;1400000;;
volume;Mcm;M.spc;;1500000;;
volume;Mcm;M.sto;;2500000;;
volume;Mcm;Me.CaCO3;;1201000;;
volume;Gcm;;;1769000000;;
volume;Gcm;M.abr;;641000000;;
volume;Gcm;M.cha;;1442000000;;
volume;Gcm;M.coc;;1500000000;;
volume;Gcm;M.crs;;2500000000;;
volume;Gcm;M.dol;;1522000000;;
volume;Gcm;M.fic;;1362000000;;
volume;Gcm;M.gya;;1602000000;;
volume;Gcm;M.ign;;2749000000;;
volume;Gcm;M.ins;;1602000000;;
volume;Gcm;M.lim;;1500000000;;
volume;Gcm;M.mas;;2243000000;;
volume;Gcm;M.mat;;2563000000;;
volume;Gcm;M.qar;;1554000000;;
volume;Gcm;M.sag;;1900000000;;
volume;Gcm;M.sas;;2323000000;;
volume;Gcm;M.SiO2;;1201000000;;
volume;Gcm;M.sla;;1400000000;;
volume;Gcm;M.spc;;1500000000;;
volume;Gcm;M.sto;;2500000000;;
volume;Gcm;Me.CaCO3;;1201000000;;
volume;bcm;;;1.769;;
volume;bcm;M.abr;;0.641;;
volume;bcm;M.cha;;1.442;;
volume;bcm;M.coc;;1.5;;
volume;bcm;M.crs;;2.5;;
volume;bcm;M.dol;;1.522;;
volume;bcm;M.fic;;1.362;;
volume;bcm;M.gya;;1.602;;
volume;bcm;M.ign;;2.749;;
volume;bcm;M.ins;;1.602;;
volume;bcm;M.lim;;1.5;;
volume;bcm;M.mas;;2.243;;
volume;bcm;M.mat;;2.563;;
volume;bcm;M.qar;;1.554;;
volume;bcm;M.sag;;1.9;;
volume;bcm;M.sas;;2.323;;
volume;bcm;M.SiO2;;1.201;;
volume;bcm;M.sla;;1.4;;
volume;bcm;M.spc;;1.5;;
volume;bcm;M.sto;;2.5;;
volume;bcm;Me.CaCO3;;1.201;;
volume;Kbcm;;;1769;;
volume;Kbcm;M.abr;;641;;
volume;Kbcm;M.cha;;1442;;
volume;Kbcm;M.coc;;1500;;
volume;Kbcm;M.crs;;2500;;
volume;Kbcm;M.dol;;1522;;
volume;Kbcm;M.fic;;1362;;
volume;Kbcm;M.gya;;1602;;
volume;Kbcm;M.ign;;2749;;
volume;Kbcm;M.ins;;1602;;
volume;Kbcm;M.lim;;1500;;
volume;Kbcm;M.mas;;2243;;
volume;Kbcm;M.mat;;2563;;
volume;Kbcm;M.qar;;1554;;
volume;Kbcm;M.sag;;1900;;
volume;Kbcm;M.sas;;2323;;
volume;Kbcm;M.SiO2;;1201;;
volume;Kbcm;M.sla;;1400;;
volume;Kbcm;M.spc;;1500;;
volume;Kbcm;M.sto;;2500;;
volume;Kbcm;Me.CaCO3;;1201;;
volume;Mbcm;;;1769000;;
volume;Mbcm;M.abr;;641000;;
volume;Mbcm;M.cha;;1442000;;
volume;Mbcm;M.coc;;1500000;;
volume;Mbcm;M.crs;;2500000;;
volume;Mbcm;M.dol;;1522000;;
volume;Mbcm;M.fic;;1362000;;
volume;Mbcm;M.gya;;1602000;;
volume;Mbcm;M.ign;;2749000;;
volume;Mbcm;M.ins;;1602000;;
volume;Mbcm;M.lim;;1500000;;
volume;Mbcm;M.mas;;2243000;;
volume;Mbcm;M.mat;;2563000;;
volume;Mbcm;M.qar;;1554000;;
volume;Mbcm;M.sag;;1900000;;
volume;Mbcm;M.sas;;2323000;;
volume;Mbcm;M.SiO2;;1201000;;
volume;Mbcm;M.sla;;1400000;;
volume;Mbcm;M.spc;;1500000;;
volume;Mbcm;M.sto;;2500000;;
volume;Mbcm;Me.CaCO3;;1201000;;
volume;cyd;;;1.352497618;;
volume;cyd;M.abr;;0.490079691;;
volume;cyd;M.cha;;1.102488166;;
volume;cyd;M.coc;;1.14683235;;
volume;cyd;M.crs;;1.91138725;;
volume;cyd;M.dol;;1.163652558;;
volume;cyd;M.fic;;1.041323774;;
volume;cyd;M.gya;;1.22481695;;
volume;cyd;M.ign;;2.10176142;;
volume;cyd;M.ins;;1.22481695;;
volume;cyd;M.lim;;1.14683235;;
volume;cyd;M.mas;;1.714896641;;
volume;cyd;M.mat;;1.959554209;;
volume;cyd;M.qar;;1.188118315;;
volume;cyd;M.sag;;1.45265431;;
volume;cyd;M.sas;;1.776061033;;
volume;cyd;M.SiO2;;0.918230435;;
volume;cyd;M.sla;;1.07037686;;
volume;cyd;M.spc;;1.14683235;;
volume;cyd;M.sto;;1.91138725;;
volume;cyd;Me.CaCO3;;0.918230435;;
volume;Kcyd;;;1352.497618;;
volume;Kcyd;M.abr;;490.0796909;;
volume;Kcyd;M.cha;;1102.488166;;
volume;Kcyd;M.coc;;1146.83235;;
volume;Kcyd;M.crs;;1911.38725;;
volume;Kcyd;M.dol;;1163.652558;;
volume;Kcyd;M.fic;;1041.323774;;
volume;Kcyd;M.gya;;1224.81695;;
volume;Kcyd;M.ign;;2101.76142;;
volume;Kcyd;M.ins;;1224.81695;;
volume;Kcyd;M.lim;;1146.83235;;
volume;Kcyd;M.mas;;1714.896641;;
volume;Kcyd;M.mat;;1959.554209;;
volume;Kcyd;M.qar;;1188.118315;;
volume;Kcyd;M.sag;;1452.65431;;
volume;Kcyd;M.sas;;1776.061033;;
volume;Kcyd;M.SiO2;;918.2304349;;
volume;Kcyd;M.sla;;1070.37686;;
volume;Kcyd;M.spc;;1146.83235;;
volume;Kcyd;M.sto;;1911.38725;;
volume;Kcyd;Me.CaCO3;;918.2304349;;
volume;sm;M.mat;;0.0589;;
volume;sm;M.ign;;0.0632;;
volume;sm;M.lim;;0.0345;;
volume;sm;M.qar;;0.0357;;
volume;sm;M.sla;;0.0322;;
volume;sm;M.sto;;0.0575;;
volume;Ksm;M.mat;;58.9;;
volume;Ksm;M.ign;;63.2;;
volume;Ksm;M.lim;;34.5;;
volume;Ksm;M.qar;;35.7;;
volume;Ksm;M.sla;;32.2;;
volume;Ksm;M.sto;;57.5;;
volume;sf;M.mat;;0.005471989;;
volume;sf;M.ign;;0.005871472;;
volume;sf;M.lim;;0.003205155;;
volume;sf;M.qar;;0.003316639;;
volume;sf;M.sla;;0.002991478;;
volume;sf;M.sto;;0.005341925;;
volume;cm;-;Waste rock;1.22;;
volume;cm;-;Dry tailings;1.22;;
volume;cm;-;Tailings;1.22;;
volume;Kcm;-;Waste rock;1220;;
volume;Kcm;-;Dry tailings;1220;;
volume;Kcm;-;Tailings;1220;;
volume;Mcm;-;Waste rock;1220000;;
volume;Mcm;-;Dry tailings;1220000;;
volume;Mcm;-;Tailings;1220000;;
volume;Gcm;-;Waste rock;1220000000;;
volume;Gcm;-;Dry tailings;1220000000;;
volume;Gcm;-;Tailings;1220000000;;
volume;bcm;-;Waste rock;1.22;;
volume;bcm;-;Dry tailings;1.22;;
volume;bcm;-;Tailings;1.22;;
volume;Kbcm;-;Waste rock;1220;;
volume;Kbcm;-;Dry tailings;1220;;
volume;Kbcm;-;Tailings;1220;;
volume;Mbcm;-;Waste rock;1220000;;
volume;Mbcm;-;Dry tailings;1220000;;
volume;Mbcm;-;Tailings;1220000;;
volume;cf;F.nag;;1.95E-05;;
volume;Kcf;F.nag;;0.0195228;;
volume;Mcf;F.nag;;19.5228;;
volume;Gcf;F.nag;;19522.8;;
volume;Tcf;F.nag;;19522800;;
volume;l;;;;;
volume;Kl;;;;;
volume;Ml;;;;;
volume;bpd;F.ngl;;35.09615385;;
volume;Kbpd;F.ngl;;35096.15385;;
volume;Mbpd;F.ngl;;35096153.85;;
energy;TJ;F.nag;;18;;
area;sq.km;;;;;1
area;ha;;;;;0.01
area;ac;;;;;0.0040469
